"source","target","action"
"ABL1","GRB2",1
"ABL1","CRK",1
"ABL1","CRKL",1
"ABL1","CBLC",1
"ABL1","CBL",1
"ABL1","CBLB",1
"ABL1","STAT5A",1
"ABL1","STAT5B",1
"AKT1","CHUK",1
"AKT1","IKBKB",1
"AKT1","IKBKG",1
"AKT1","MAP3K5",-1
"AKT1","MAP2K4",-1
"AKT1","CDKN1A",-1
"AKT1","MDM2",1
"AKT1","CDKN1B",-1
"AKT1","GSK3B",-1
"AKT1","CASP9",-1
"AKT1","BAD",-1
"AKT1","MTOR",1
"AKT1","FOXO1",-1
"AKT2","CHUK",1
"AKT2","IKBKB",1
"AKT2","IKBKG",1
"AKT2","MAP3K5",-1
"AKT2","MAP2K4",-1
"AKT2","CDKN1A",-1
"AKT2","MDM2",1
"AKT2","CDKN1B",-1
"AKT2","GSK3B",-1
"AKT2","CASP9",-1
"AKT2","BAD",-1
"AKT2","MTOR",1
"AKT2","FOXO1",-1
"AKT3","CHUK",1
"AKT3","IKBKB",1
"AKT3","IKBKG",1
"AKT3","MAP3K5",-1
"AKT3","MAP2K4",-1
"AKT3","CDKN1A",-1
"AKT3","MDM2",1
"AKT3","CDKN1B",-1
"AKT3","GSK3B",-1
"AKT3","CASP9",-1
"AKT3","BAD",-1
"AKT3","MTOR",1
"AKT3","FOXO1",-1
"AMH","AMHR2",1
"AMH","BMPR2",1
"ANAPC1","FZR1",1
"ANAPC1","ANAPC10",1
"ANAPC1","CDC26",1
"ANAPC1","ANAPC13",1
"ANAPC1","ANAPC2",1
"ANAPC1","ANAPC4",1
"ANAPC1","ANAPC5",1
"ANAPC1","ANAPC7",1
"ANAPC1","ANAPC11",1
"ANAPC1","ANAPC1",1
"ANAPC1","CDC23",1
"ANAPC1","CDC16",1
"ANAPC1","CDC27",1
"ANAPC1","CDK1",-1
"ANAPC1","PTTG2",-1
"ANAPC1","PTTG1",-1
"ANAPC1","CCNB3",-1
"ANAPC1","CCNB1",-1
"ANAPC1","CCNB2",-1
"ANAPC10","FZR1",1
"ANAPC10","ANAPC10",1
"ANAPC10","CDC26",1
"ANAPC10","ANAPC13",1
"ANAPC10","ANAPC2",1
"ANAPC10","ANAPC4",1
"ANAPC10","ANAPC5",1
"ANAPC10","ANAPC7",1
"ANAPC10","ANAPC11",1
"ANAPC10","ANAPC1",1
"ANAPC10","CDC23",1
"ANAPC10","CDC16",1
"ANAPC10","CDC27",1
"ANAPC10","CDK1",-1
"ANAPC10","PTTG2",-1
"ANAPC10","PTTG1",-1
"ANAPC10","CCNB3",-1
"ANAPC10","CCNB1",-1
"ANAPC10","CCNB2",-1
"ANAPC11","FZR1",1
"ANAPC11","ANAPC10",1
"ANAPC11","CDC26",1
"ANAPC11","ANAPC13",1
"ANAPC11","ANAPC2",1
"ANAPC11","ANAPC4",1
"ANAPC11","ANAPC5",1
"ANAPC11","ANAPC7",1
"ANAPC11","ANAPC11",1
"ANAPC11","ANAPC1",1
"ANAPC11","CDC23",1
"ANAPC11","CDC16",1
"ANAPC11","CDC27",1
"ANAPC11","CDK1",-1
"ANAPC11","PTTG2",-1
"ANAPC11","PTTG1",-1
"ANAPC11","CCNB3",-1
"ANAPC11","CCNB1",-1
"ANAPC11","CCNB2",-1
"ANAPC13","FZR1",1
"ANAPC13","ANAPC10",1
"ANAPC13","CDC26",1
"ANAPC13","ANAPC13",1
"ANAPC13","ANAPC2",1
"ANAPC13","ANAPC4",1
"ANAPC13","ANAPC5",1
"ANAPC13","ANAPC7",1
"ANAPC13","ANAPC11",1
"ANAPC13","ANAPC1",1
"ANAPC13","CDC23",1
"ANAPC13","CDC16",1
"ANAPC13","CDC27",1
"ANAPC13","CDK1",-1
"ANAPC13","PTTG2",-1
"ANAPC13","PTTG1",-1
"ANAPC13","CCNB3",-1
"ANAPC13","CCNB1",-1
"ANAPC13","CCNB2",-1
"ANAPC2","FZR1",1
"ANAPC2","ANAPC10",1
"ANAPC2","CDC26",1
"ANAPC2","ANAPC13",1
"ANAPC2","ANAPC2",1
"ANAPC2","ANAPC4",1
"ANAPC2","ANAPC5",1
"ANAPC2","ANAPC7",1
"ANAPC2","ANAPC11",1
"ANAPC2","ANAPC1",1
"ANAPC2","CDC23",1
"ANAPC2","CDC16",1
"ANAPC2","CDC27",1
"ANAPC2","CDK1",-1
"ANAPC2","PTTG2",-1
"ANAPC2","PTTG1",-1
"ANAPC2","CCNB3",-1
"ANAPC2","CCNB1",-1
"ANAPC2","CCNB2",-1
"ANAPC4","FZR1",1
"ANAPC4","ANAPC10",1
"ANAPC4","CDC26",1
"ANAPC4","ANAPC13",1
"ANAPC4","ANAPC2",1
"ANAPC4","ANAPC4",1
"ANAPC4","ANAPC5",1
"ANAPC4","ANAPC7",1
"ANAPC4","ANAPC11",1
"ANAPC4","ANAPC1",1
"ANAPC4","CDC23",1
"ANAPC4","CDC16",1
"ANAPC4","CDC27",1
"ANAPC4","CDK1",-1
"ANAPC4","PTTG2",-1
"ANAPC4","PTTG1",-1
"ANAPC4","CCNB3",-1
"ANAPC4","CCNB1",-1
"ANAPC4","CCNB2",-1
"ANAPC5","FZR1",1
"ANAPC5","ANAPC10",1
"ANAPC5","CDC26",1
"ANAPC5","ANAPC13",1
"ANAPC5","ANAPC2",1
"ANAPC5","ANAPC4",1
"ANAPC5","ANAPC5",1
"ANAPC5","ANAPC7",1
"ANAPC5","ANAPC11",1
"ANAPC5","ANAPC1",1
"ANAPC5","CDC23",1
"ANAPC5","CDC16",1
"ANAPC5","CDC27",1
"ANAPC5","CDK1",-1
"ANAPC5","PTTG2",-1
"ANAPC5","PTTG1",-1
"ANAPC5","CCNB3",-1
"ANAPC5","CCNB1",-1
"ANAPC5","CCNB2",-1
"ANAPC7","FZR1",1
"ANAPC7","ANAPC10",1
"ANAPC7","CDC26",1
"ANAPC7","ANAPC13",1
"ANAPC7","ANAPC2",1
"ANAPC7","ANAPC4",1
"ANAPC7","ANAPC5",1
"ANAPC7","ANAPC7",1
"ANAPC7","ANAPC11",1
"ANAPC7","ANAPC1",1
"ANAPC7","CDC23",1
"ANAPC7","CDC16",1
"ANAPC7","CDC27",1
"ANAPC7","CDK1",-1
"ANAPC7","PTTG2",-1
"ANAPC7","PTTG1",-1
"ANAPC7","CCNB3",-1
"ANAPC7","CCNB1",-1
"ANAPC7","CCNB2",-1
"APAF1","CASP9",1
"AR","AR",1
"AR","KLK3",1
"ARAF","MAP2K2",1
"ARAF","MAP2K1",1
"ATF4","DDIT3",1
"ATM","TP53",1
"ATM","CHEK1",1
"ATM","CHEK2",1
"ATR","TP53",1
"ATR","CHEK1",1
"ATR","CHEK2",1
"BAD","BCL2L1",-1
"BAD","BCL2",-1
"BAMBI","TGFBR1",-1
"BAMBI","ACVR1B",-1
"BAMBI","ACVR1",-1
"BAMBI","BMPR1A",-1
"BAMBI","BMPR1B",-1
"BBC3","TP53",1
"BBC3","BCL2L1",-1
"BBC3","BCL2",-1
"BBC3","TP53AIP1",1
"BCL2","BAX",-1
"BCL2","CYCS",-1
"BCL2","BAK1",-1
"BCL2L1","BAX",-1
"BCL2L1","BAK1",-1
"BCL2L11","BCL2L1",-1
"BCL2L11","BCL2",-1
"BCL2L11","BAX",1
"BCR","GRB2",1
"BCR","CRK",1
"BCR","CRKL",1
"BCR","CBLC",1
"BCR","CBL",1
"BCR","CBLB",1
"BCR","STAT5A",1
"BCR","STAT5B",1
"BDNF","NTRK1",1
"BDNF","NTRK2",1
"BIRC2","CASP3",-1
"BIRC2","CASP9",-1
"BIRC2","CASP7",-1
"BIRC3","CASP3",-1
"BIRC3","CASP9",-1
"BIRC3","CASP7",-1
"BIRC5","CASP3",-1
"BIRC5","CASP9",-1
"BIRC5","CASP7",-1
"BLNK","PLCG2",1
"BMP2","AMHR2",1
"BMP2","BMPR2",1
"BMP4","AMHR2",1
"BMP4","BMPR2",1
"BMP5","AMHR2",1
"BMP5","BMPR2",1
"BMP6","AMHR2",1
"BMP6","BMPR2",1
"BMP7","AMHR2",1
"BMP7","BMPR2",1
"BMP8A","AMHR2",1
"BMP8A","BMPR2",1
"BMP8B","AMHR2",1
"BMP8B","BMPR2",1
"BTK","CHUK",1
"BTK","IKBKB",1
"BTK","IKBKG",1
"BTK","PLCG2",1
"BUB1B","ANAPC10",-1
"BUB1B","CDC26",-1
"BUB1B","ANAPC13",-1
"BUB1B","ANAPC2",-1
"BUB1B","ANAPC4",-1
"BUB1B","ANAPC5",-1
"BUB1B","ANAPC7",-1
"BUB1B","ANAPC11",-1
"BUB1B","ANAPC1",-1
"BUB1B","CDC23",-1
"BUB1B","CDC16",-1
"BUB1B","CDC27",-1
"BUB3","ANAPC10",-1
"BUB3","CDC26",-1
"BUB3","ANAPC13",-1
"BUB3","ANAPC2",-1
"BUB3","ANAPC4",-1
"BUB3","ANAPC5",-1
"BUB3","ANAPC7",-1
"BUB3","ANAPC11",-1
"BUB3","ANAPC1",-1
"BUB3","CDC23",-1
"BUB3","CDC16",-1
"BUB3","CDC27",-1
"CAPN1","CASP12",1
"CAPN2","CASP12",1
"CASP12","CASP3",1
"CASP12","CASP7",1
"CASP2","BID",1
"CASP3","STK3",1
"CASP3","STK4",1
"CASP3","PAK1",1
"CASP3","PAK2",1
"CASP3","MAP3K1",1
"CASP3","PARP1",-1
"CASP3","DFFA",-1
"CASP3","SPTA1",-1
"CASP3","SPTAN1",-1
"CASP3","PARP2",-1
"CASP3","PARP3",-1
"CASP3","PARP4",-1
"CASP3","ACTB",-1
"CASP3","ACTG1",-1
"CASP3","DCC",1
"CASP6","LMNA",-1
"CASP6","LMNB1",-1
"CASP6","LMNB2",-1
"CASP6","ACTB",-1
"CASP6","ACTG1",-1
"CASP7","PARP1",-1
"CASP7","PARP2",-1
"CASP7","PARP3",-1
"CASP7","PARP4",-1
"CASP7","ACTB",-1
"CASP7","ACTG1",-1
"CASP8","CASP3",1
"CASP8","BID",1
"CASP8","CASP7",1
"CASP8","CASP6",1
"CASP9","CASP3",1
"CASP9","PARP1",-1
"CASP9","CASP7",1
"CASP9","CASP6",1
"CASP9","PARP2",-1
"CASP9","PARP3",-1
"CASP9","PARP4",-1
"CBL","PIK3R5",1
"CBL","PIK3CA",1
"CBL","PIK3CB",1
"CBL","PIK3CD",1
"CBL","PIK3CG",1
"CBL","PIK3R1",1
"CBL","PIK3R2",1
"CBL","PIK3R3",1
"CBLB","PIK3R5",1
"CBLB","PIK3CA",1
"CBLB","PIK3CB",1
"CBLB","PIK3CD",1
"CBLB","PIK3CG",1
"CBLB","PIK3R1",1
"CBLB","PIK3R2",1
"CBLB","PIK3R3",1
"CBLC","PIK3R5",1
"CBLC","PIK3CA",1
"CBLC","PIK3CB",1
"CBLC","PIK3CD",1
"CBLC","PIK3CG",1
"CBLC","PIK3R1",1
"CBLC","PIK3R2",1
"CBLC","PIK3R3",1
"CCNA1","RB1",1
"CCNA1","CDC6",-1
"CCNA1","E2F1",-1
"CCNA1","E2F2",-1
"CCNA1","E2F3",-1
"CCNA2","RB1",1
"CCNA2","CDC6",-1
"CCNA2","E2F1",-1
"CCNA2","E2F2",-1
"CCNA2","E2F3",-1
"CCNB1","PLK1",1
"CCNB2","PLK1",1
"CCNB3","PLK1",1
"CCND1","RB1",-1
"CCND1","RBL1",-1
"CCND1","RBL2",-1
"CCND2","RB1",-1
"CCND2","RBL1",-1
"CCND2","RBL2",-1
"CCND3","RB1",-1
"CCND3","RBL1",-1
"CCND3","RBL2",-1
"CCNE1","RB1",-1
"CCNE1","CDKN1B",-1
"CCNE1","CDKN1C",-1
"CCNE2","RB1",-1
"CCNE2","CDKN1B",-1
"CCNE2","CDKN1C",-1
"CCNH","CDK1",1
"CCNH","CDK2",1
"CD14","TLR4",1
"CD40LG","CD40",1
"CDC14A","FZR1",1
"CDC14A","ANAPC10",1
"CDC14A","CDC26",1
"CDC14A","ANAPC13",1
"CDC14A","ANAPC2",1
"CDC14A","ANAPC4",1
"CDC14A","ANAPC5",1
"CDC14A","ANAPC7",1
"CDC14A","ANAPC11",1
"CDC14A","ANAPC1",1
"CDC14A","CDC23",1
"CDC14A","CDC16",1
"CDC14A","CDC27",1
"CDC14B","FZR1",1
"CDC14B","ANAPC10",1
"CDC14B","CDC26",1
"CDC14B","ANAPC13",1
"CDC14B","ANAPC2",1
"CDC14B","ANAPC4",1
"CDC14B","ANAPC5",1
"CDC14B","ANAPC7",1
"CDC14B","ANAPC11",1
"CDC14B","ANAPC1",1
"CDC14B","CDC23",1
"CDC14B","CDC16",1
"CDC14B","CDC27",1
"CDC16","FZR1",1
"CDC16","ANAPC10",1
"CDC16","CDC26",1
"CDC16","ANAPC13",1
"CDC16","ANAPC2",1
"CDC16","ANAPC4",1
"CDC16","ANAPC5",1
"CDC16","ANAPC7",1
"CDC16","ANAPC11",1
"CDC16","ANAPC1",1
"CDC16","CDC23",1
"CDC16","CDC16",1
"CDC16","CDC27",1
"CDC16","CDK1",-1
"CDC16","PTTG2",-1
"CDC16","PTTG1",-1
"CDC16","CCNB3",-1
"CDC16","CCNB1",-1
"CDC16","CCNB2",-1
"CDC20","FZR1",1
"CDC20","ANAPC10",1
"CDC20","CDC26",1
"CDC20","ANAPC13",1
"CDC20","ANAPC2",1
"CDC20","ANAPC4",1
"CDC20","ANAPC5",1
"CDC20","ANAPC7",1
"CDC20","ANAPC11",1
"CDC20","ANAPC1",1
"CDC20","CDC23",1
"CDC20","CDC16",1
"CDC20","CDC27",1
"CDC20","PTTG2",-1
"CDC20","PTTG1",-1
"CDC23","FZR1",1
"CDC23","ANAPC10",1
"CDC23","CDC26",1
"CDC23","ANAPC13",1
"CDC23","ANAPC2",1
"CDC23","ANAPC4",1
"CDC23","ANAPC5",1
"CDC23","ANAPC7",1
"CDC23","ANAPC11",1
"CDC23","ANAPC1",1
"CDC23","CDC23",1
"CDC23","CDC16",1
"CDC23","CDC27",1
"CDC23","CDK1",-1
"CDC23","PTTG2",-1
"CDC23","PTTG1",-1
"CDC23","CCNB3",-1
"CDC23","CCNB1",-1
"CDC23","CCNB2",-1
"CDC25A","CDK1",1
"CDC25A","CDK2",1
"CDC25A","CDK4",1
"CDC25A","CDK6",1
"CDC25B","CDK1",1
"CDC25C","CDK1",1
"CDC26","FZR1",1
"CDC26","ANAPC10",1
"CDC26","CDC26",1
"CDC26","ANAPC13",1
"CDC26","ANAPC2",1
"CDC26","ANAPC4",1
"CDC26","ANAPC5",1
"CDC26","ANAPC7",1
"CDC26","ANAPC11",1
"CDC26","ANAPC1",1
"CDC26","CDC23",1
"CDC26","CDC16",1
"CDC26","CDC27",1
"CDC26","CDK1",-1
"CDC26","PTTG2",-1
"CDC26","PTTG1",-1
"CDC26","CCNB3",-1
"CDC26","CCNB1",-1
"CDC26","CCNB2",-1
"CDC27","FZR1",1
"CDC27","ANAPC10",1
"CDC27","CDC26",1
"CDC27","ANAPC13",1
"CDC27","ANAPC2",1
"CDC27","ANAPC4",1
"CDC27","ANAPC5",1
"CDC27","ANAPC7",1
"CDC27","ANAPC11",1
"CDC27","ANAPC1",1
"CDC27","CDC23",1
"CDC27","CDC16",1
"CDC27","CDC27",1
"CDC27","CDK1",-1
"CDC27","PTTG2",-1
"CDC27","PTTG1",-1
"CDC27","CCNB3",-1
"CDC27","CCNB1",-1
"CDC27","CCNB2",-1
"CDC42","PAK1",1
"CDC42","PAK2",1
"CDC42","MAP3K1",1
"CDC7","MCM2",1
"CDC7","MCM3",1
"CDC7","MCM4",1
"CDC7","MCM5",1
"CDC7","MCM6",1
"CDC7","MCM7",1
"CDK1","PLK1",1
"CDK1","RB1",1
"CDK2","RB1",-1
"CDK2","CDKN1B",-1
"CDK2","CDKN1C",-1
"CDK2","CDC6",-1
"CDK2","E2F1",-1
"CDK2","E2F2",-1
"CDK2","E2F3",-1
"CDK4","RB1",-1
"CDK4","RBL1",-1
"CDK4","RBL2",-1
"CDK6","RB1",-1
"CDK6","RBL1",-1
"CDK6","RBL2",-1
"CDK7","CDK1",1
"CDK7","CDK2",1
"CDKN1A","CCNA2",-1
"CDKN1A","CCNA1",-1
"CDKN1A","CDK2",-1
"CDKN1A","CDK4",-1
"CDKN1A","CDK6",-1
"CDKN1A","CCNE1",-1
"CDKN1A","CCNE2",-1
"CDKN1A","CCND1",-1
"CDKN1A","CCND2",-1
"CDKN1A","CCND3",-1
"CDKN1B","CCNA2",-1
"CDKN1B","CCNA1",-1
"CDKN1B","CDK2",-1
"CDKN1B","CCNE1",-1
"CDKN1B","CCNE2",-1
"CDKN1C","CCNA2",-1
"CDKN1C","CCNA1",-1
"CDKN1C","CDK2",-1
"CDKN2A","MDM2",-1
"CDKN2A","CDK4",-1
"CDKN2A","CDK6",-1
"CDKN2A","CCND1",-1
"CDKN2A","CCND2",-1
"CDKN2A","CCND3",-1
"CDKN2B","CDK4",-1
"CDKN2B","CDK6",-1
"CDKN2B","CCND1",-1
"CDKN2B","CCND2",-1
"CDKN2B","CCND3",-1
"CDKN2C","CDK4",-1
"CDKN2C","CDK6",-1
"CDKN2C","CCND1",-1
"CDKN2C","CCND2",-1
"CDKN2C","CCND3",-1
"CDKN2D","CDK4",-1
"CDKN2D","CDK6",-1
"CDKN2D","CCND1",-1
"CDKN2D","CCND2",-1
"CDKN2D","CCND3",-1
"CFLAR","CASP8",-1
"CFLAR","CASP10",-1
"CHEK1","CDC25B",-1
"CHEK1","TP53",1
"CHEK1","CDC25C",-1
"CHEK1","CDC25A",-1
"CHEK2","CDC25B",-1
"CHEK2","TP53",1
"CHEK2","CDC25C",-1
"CHEK2","CDC25A",-1
"CHRD","GDF7",-1
"CHRD","AMH",-1
"CHRD","BMP8A",-1
"CHRD","GDF6",-1
"CHRD","BMP2",-1
"CHRD","BMP4",-1
"CHRD","BMP5",-1
"CHRD","BMP6",-1
"CHRD","BMP7",-1
"CHRD","BMP8B",-1
"CHRD","GDF5",-1
"CHUK","NFKBIA",1
"CKS1B","SKP2",1
"CKS2","SKP2",1
"COL4A1","ITGB1",1
"COL4A1","ITGA6",1
"COL4A1","ITGA2",1
"COL4A1","ITGA2B",1
"COL4A1","ITGA3",1
"COL4A1","ITGAV",1
"COL4A2","ITGB1",1
"COL4A2","ITGA6",1
"COL4A2","ITGA2",1
"COL4A2","ITGA2B",1
"COL4A2","ITGA3",1
"COL4A2","ITGAV",1
"COL4A3","ITGB1",1
"COL4A3","ITGA6",1
"COL4A3","ITGA2",1
"COL4A3","ITGA2B",1
"COL4A3","ITGA3",1
"COL4A3","ITGAV",1
"COL4A4","ITGB1",1
"COL4A4","ITGA6",1
"COL4A4","ITGA2",1
"COL4A4","ITGA2B",1
"COL4A4","ITGA3",1
"COL4A4","ITGAV",1
"COL4A5","ITGB1",1
"COL4A5","ITGA6",1
"COL4A5","ITGA2",1
"COL4A5","ITGA2B",1
"COL4A5","ITGA3",1
"COL4A5","ITGAV",1
"COL4A6","ITGB1",1
"COL4A6","ITGA6",1
"COL4A6","ITGA2",1
"COL4A6","ITGA2B",1
"COL4A6","ITGA3",1
"COL4A6","ITGAV",1
"CREBBP","TP53",1
"CREBBP","CDKN2B",1
"CRK","PIK3R5",1
"CRK","PIK3CA",1
"CRK","PIK3CB",1
"CRK","PIK3CD",1
"CRK","PIK3CG",1
"CRK","PIK3R1",1
"CRK","PIK3R2",1
"CRK","PIK3R3",1
"CRKL","PIK3R5",1
"CRKL","PIK3CA",1
"CRKL","PIK3CB",1
"CRKL","PIK3CD",1
"CRKL","PIK3CG",1
"CRKL","PIK3R1",1
"CRKL","PIK3R2",1
"CRKL","PIK3R3",1
"CSF2RB","HRAS",1
"CSF2RB","KRAS",1
"CSF2RB","NRAS",1
"CSF2RB","PIK3R5",1
"CSF2RB","PIK3CA",1
"CSF2RB","PIK3CB",1
"CSF2RB","PIK3CD",1
"CSF2RB","PIK3CG",1
"CSF2RB","PIK3R1",1
"CSF2RB","PIK3R2",1
"CSF2RB","PIK3R3",1
"CSNK2A1","NFKBIA",1
"CSNK2A2","NFKBIA",1
"CSNK2A3","NFKBIA",1
"CSNK2B","NFKBIA",1
"CTNNB1","LEF1",1
"CTNNB1","TCF7",1
"CTNNB1","TCF7L2",1
"CTNNB1","TCF7L1",1
"CTSB","BCL2L1",-1
"CTSB","BCL2",-1
"CTSB","BIRC2",-1
"CTSB","BIRC3",-1
"CTSB","XIAP",-1
"CTSB","BID",1
"CTSB","BIRC5",-1
"CTSC","BCL2L1",-1
"CTSC","BCL2",-1
"CTSC","BIRC2",-1
"CTSC","BIRC3",-1
"CTSC","XIAP",-1
"CTSC","BID",1
"CTSC","BIRC5",-1
"CTSD","BCL2L1",-1
"CTSD","BCL2",-1
"CTSD","BIRC2",-1
"CTSD","BIRC3",-1
"CTSD","XIAP",-1
"CTSD","BID",1
"CTSD","BIRC5",-1
"CTSF","BCL2L1",-1
"CTSF","BCL2",-1
"CTSF","BIRC2",-1
"CTSF","BIRC3",-1
"CTSF","XIAP",-1
"CTSF","BID",1
"CTSF","BIRC5",-1
"CTSH","BCL2L1",-1
"CTSH","BCL2",-1
"CTSH","BIRC2",-1
"CTSH","BIRC3",-1
"CTSH","XIAP",-1
"CTSH","BID",1
"CTSH","BIRC5",-1
"CTSK","BCL2L1",-1
"CTSK","BCL2",-1
"CTSK","BIRC2",-1
"CTSK","BIRC3",-1
"CTSK","XIAP",-1
"CTSK","BID",1
"CTSK","BIRC5",-1
"CTSL","BCL2L1",-1
"CTSL","BCL2",-1
"CTSL","BIRC2",-1
"CTSL","BIRC3",-1
"CTSL","XIAP",-1
"CTSL","BID",1
"CTSL","BIRC5",-1
"CTSO","BCL2L1",-1
"CTSO","BCL2",-1
"CTSO","BIRC2",-1
"CTSO","BIRC3",-1
"CTSO","XIAP",-1
"CTSO","BID",1
"CTSO","BIRC5",-1
"CTSS","BCL2L1",-1
"CTSS","BCL2",-1
"CTSS","BIRC2",-1
"CTSS","BIRC3",-1
"CTSS","XIAP",-1
"CTSS","BID",1
"CTSS","BIRC5",-1
"CTSV","BCL2L1",-1
"CTSV","BCL2",-1
"CTSV","BIRC2",-1
"CTSV","BIRC3",-1
"CTSV","XIAP",-1
"CTSV","BID",1
"CTSV","BIRC5",-1
"CTSW","BCL2L1",-1
"CTSW","BCL2",-1
"CTSW","BIRC2",-1
"CTSW","BIRC3",-1
"CTSW","XIAP",-1
"CTSW","BID",1
"CTSW","BIRC5",-1
"CTSZ","BCL2L1",-1
"CTSZ","BCL2",-1
"CTSZ","BIRC2",-1
"CTSZ","BIRC3",-1
"CTSZ","XIAP",-1
"CTSZ","BID",1
"CTSZ","BIRC5",-1
"CUL1","CDKN1A",-1
"CUL1","CDKN1B",-1
"CUL1","CDKN1C",-1
"CUL1","SMAD2",-1
"CUL1","SMAD3",-1
"CUL1","CDK2",-1
"CUL1","CCNE1",-1
"CUL1","CCNE2",-1
"CYCS","CASP9",1
"DAB2IP","MAP3K5",1
"DAXX","MAP3K5",1
"DBF4","MCM2",1
"DBF4","MCM3",1
"DBF4","MCM4",1
"DBF4","MCM5",1
"DBF4","MCM6",1
"DBF4","MCM7",1
"DCN","TGFB1",-1
"DCN","TGFB2",-1
"DCN","TGFB3",-1
"DDIT3","BCL2L1",-1
"DDIT3","BCL2",-1
"DDX58","TRAF6",1
"DDX58","TRAF2",1
"DIABLO","BIRC2",-1
"DIABLO","BIRC3",-1
"DIABLO","XIAP",-1
"DIABLO","BIRC5",-1
"DUSP1","MAPK1",-1
"DUSP1","MAPK3",-1
"DUSP1","MAPK14",-1
"DUSP1","MAPK11",-1
"DUSP1","MAPK13",-1
"DUSP1","MAPK12",-1
"DUSP1","MAPK8",-1
"DUSP1","MAPK9",-1
"DUSP1","MAPK10",-1
"DUSP10","MAPK1",-1
"DUSP10","MAPK3",-1
"DUSP10","MAPK14",-1
"DUSP10","MAPK11",-1
"DUSP10","MAPK13",-1
"DUSP10","MAPK12",-1
"DUSP10","MAPK8",-1
"DUSP10","MAPK9",-1
"DUSP10","MAPK10",-1
"DUSP16","MAPK1",-1
"DUSP16","MAPK3",-1
"DUSP16","MAPK14",-1
"DUSP16","MAPK11",-1
"DUSP16","MAPK13",-1
"DUSP16","MAPK12",-1
"DUSP16","MAPK8",-1
"DUSP16","MAPK9",-1
"DUSP16","MAPK10",-1
"DUSP2","MAPK1",-1
"DUSP2","MAPK3",-1
"DUSP2","MAPK14",-1
"DUSP2","MAPK11",-1
"DUSP2","MAPK13",-1
"DUSP2","MAPK12",-1
"DUSP2","MAPK8",-1
"DUSP2","MAPK9",-1
"DUSP2","MAPK10",-1
"DUSP3","MAPK1",-1
"DUSP3","MAPK3",-1
"DUSP3","MAPK14",-1
"DUSP3","MAPK11",-1
"DUSP3","MAPK13",-1
"DUSP3","MAPK12",-1
"DUSP3","MAPK8",-1
"DUSP3","MAPK9",-1
"DUSP3","MAPK10",-1
"DUSP4","MAPK1",-1
"DUSP4","MAPK3",-1
"DUSP4","MAPK14",-1
"DUSP4","MAPK11",-1
"DUSP4","MAPK13",-1
"DUSP4","MAPK12",-1
"DUSP4","MAPK8",-1
"DUSP4","MAPK9",-1
"DUSP4","MAPK10",-1
"DUSP5","MAPK1",-1
"DUSP5","MAPK3",-1
"DUSP5","MAPK14",-1
"DUSP5","MAPK11",-1
"DUSP5","MAPK13",-1
"DUSP5","MAPK12",-1
"DUSP5","MAPK8",-1
"DUSP5","MAPK9",-1
"DUSP5","MAPK10",-1
"DUSP6","MAPK1",-1
"DUSP6","MAPK3",-1
"DUSP6","MAPK14",-1
"DUSP6","MAPK11",-1
"DUSP6","MAPK13",-1
"DUSP6","MAPK12",-1
"DUSP6","MAPK8",-1
"DUSP6","MAPK9",-1
"DUSP6","MAPK10",-1
"DUSP7","MAPK1",-1
"DUSP7","MAPK3",-1
"DUSP7","MAPK14",-1
"DUSP7","MAPK11",-1
"DUSP7","MAPK13",-1
"DUSP7","MAPK12",-1
"DUSP7","MAPK8",-1
"DUSP7","MAPK9",-1
"DUSP7","MAPK10",-1
"DUSP8","MAPK1",-1
"DUSP8","MAPK3",-1
"DUSP8","MAPK14",-1
"DUSP8","MAPK11",-1
"DUSP8","MAPK13",-1
"DUSP8","MAPK12",-1
"DUSP8","MAPK8",-1
"DUSP8","MAPK9",-1
"DUSP8","MAPK10",-1
"DUSP9","MAPK1",-1
"DUSP9","MAPK3",-1
"DUSP9","MAPK14",-1
"DUSP9","MAPK11",-1
"DUSP9","MAPK13",-1
"DUSP9","MAPK12",-1
"DUSP9","MAPK8",-1
"DUSP9","MAPK9",-1
"DUSP9","MAPK10",-1
"DVL1","GSK3B",-1
"DVL2","GSK3B",-1
"DVL3","GSK3B",-1
"E2F1","CCNE1",1
"E2F1","CCNE2",1
"E2F2","CCNE1",1
"E2F2","CCNE2",1
"E2F3","CCNE1",1
"E2F3","CCNE2",1
"EGF","EGFR",1
"EGFR","PLCG1",1
"EGFR","PLCG2",1
"EGFR","PIK3R5",1
"EGFR","PIK3CA",1
"EGFR","PIK3CB",1
"EGFR","PIK3CD",1
"EGFR","PIK3CG",1
"EGFR","PIK3R1",1
"EGFR","PIK3R2",1
"EGFR","PIK3R3",1
"EGFR","JAK1",1
"EIF2AK3","EIF2S1",1
"EIF2S1","ATF4",1
"ELK1","FOS",1
"ELK4","FOS",1
"EP300","TP53",1
"EP300","CDKN2B",1
"EPAS1","PDGFB",1
"EPAS1","TGFB1",1
"EPAS1","TGFB2",1
"EPAS1","TGFB3",1
"EPAS1","TGFA",1
"EPAS1","FIGF",1
"EPAS1","PGF",1
"EPAS1","VEGFA",1
"EPAS1","VEGFB",1
"EPAS1","VEGFC",1
"EPAS1","SLC2A1",1
"ERBB2","PIK3R5",1
"ERBB2","PIK3CA",1
"ERBB2","PIK3CB",1
"ERBB2","PIK3CD",1
"ERBB2","PIK3CG",1
"ERBB2","PIK3R1",1
"ERBB2","PIK3R2",1
"ERBB2","PIK3R3",1
"ERBB2","JAK1",1
"ERN1","MAP3K5",1
"ESPL1","SMC1B",-1
"ESPL1","SMC1A",-1
"ESPL1","SMC3",-1
"ESPL1","STAG1",-1
"ESPL1","STAG2",-1
"ESPL1","RAD21",-1
"ETS1","CXCL8",1
"ETS1","CDK4",1
"ETS1","CCND1",1
"ETS1","FIGF",1
"ETS1","PGF",1
"ETS1","VEGFA",1
"ETS1","VEGFB",1
"ETS1","VEGFC",1
"ETS1","MMP1",1
"ETS1","MMP2",1
"ETS1","MMP9",1
"FADD","CASP8",1
"FADD","CASP10",1
"FAS","DAXX",1
"FAS","FADD",1
"FASLG","FAS",1
"FGF1","FGFR1",1
"FGF1","FGFR3",1
"FGF1","FGFR2",1
"FGF1","FGFR4",1
"FGF10","FGFR1",1
"FGF10","FGFR3",1
"FGF10","FGFR2",1
"FGF10","FGFR4",1
"FGF11","FGFR1",1
"FGF11","FGFR3",1
"FGF11","FGFR2",1
"FGF11","FGFR4",1
"FGF12","FGFR1",1
"FGF12","FGFR3",1
"FGF12","FGFR2",1
"FGF12","FGFR4",1
"FGF13","FGFR1",1
"FGF13","FGFR3",1
"FGF13","FGFR2",1
"FGF13","FGFR4",1
"FGF14","FGFR1",1
"FGF14","FGFR3",1
"FGF14","FGFR2",1
"FGF14","FGFR4",1
"FGF16","FGFR1",1
"FGF16","FGFR3",1
"FGF16","FGFR2",1
"FGF16","FGFR4",1
"FGF17","FGFR1",1
"FGF17","FGFR3",1
"FGF17","FGFR2",1
"FGF17","FGFR4",1
"FGF18","FGFR1",1
"FGF18","FGFR3",1
"FGF18","FGFR2",1
"FGF18","FGFR4",1
"FGF19","FGFR1",1
"FGF19","FGFR3",1
"FGF19","FGFR2",1
"FGF19","FGFR4",1
"FGF2","FGFR1",1
"FGF2","FGFR3",1
"FGF2","FGFR2",1
"FGF2","FGFR4",1
"FGF20","FGFR1",1
"FGF20","FGFR3",1
"FGF20","FGFR2",1
"FGF20","FGFR4",1
"FGF21","FGFR1",1
"FGF21","FGFR3",1
"FGF21","FGFR2",1
"FGF21","FGFR4",1
"FGF22","FGFR1",1
"FGF22","FGFR3",1
"FGF22","FGFR2",1
"FGF22","FGFR4",1
"FGF23","FGFR1",1
"FGF23","FGFR3",1
"FGF23","FGFR2",1
"FGF23","FGFR4",1
"FGF3","FGFR1",1
"FGF3","FGFR3",1
"FGF3","FGFR2",1
"FGF3","FGFR4",1
"FGF4","FGFR1",1
"FGF4","FGFR3",1
"FGF4","FGFR2",1
"FGF4","FGFR4",1
"FGF5","FGFR1",1
"FGF5","FGFR3",1
"FGF5","FGFR2",1
"FGF5","FGFR4",1
"FGF6","FGFR1",1
"FGF6","FGFR3",1
"FGF6","FGFR2",1
"FGF6","FGFR4",1
"FGF7","FGFR1",1
"FGF7","FGFR3",1
"FGF7","FGFR2",1
"FGF7","FGFR4",1
"FGF8","FGFR1",1
"FGF8","FGFR3",1
"FGF8","FGFR2",1
"FGF8","FGFR4",1
"FGF9","FGFR1",1
"FGF9","FGFR3",1
"FGF9","FGFR2",1
"FGF9","FGFR4",1
"FGFR1","GRB2",1
"FGFR2","GRB2",1
"FGFR3","GRB2",1
"FLT3","GRB2",1
"FLT3","PIK3R5",1
"FLT3","PIK3CA",1
"FLT3","PIK3CB",1
"FLT3","PIK3CD",1
"FLT3","PIK3CG",1
"FLT3","PIK3R1",1
"FLT3","PIK3R2",1
"FLT3","PIK3R3",1
"FLT3LG","FLT3",1
"FN1","ITGB1",1
"FN1","ITGA6",1
"FN1","ITGA2",1
"FN1","ITGA2B",1
"FN1","ITGA3",1
"FN1","ITGAV",1
"FOS","FASLG",1
"FOS","TP53",1
"FOS","FAS",1
"FOS","CXCL8",1
"FOS","CDK4",1
"FOS","CCND1",1
"FOS","BCL2L11",1
"FOS","HRK",1
"FOS","FIGF",1
"FOS","PGF",1
"FOS","VEGFA",1
"FOS","VEGFB",1
"FOS","VEGFC",1
"FOS","MMP1",1
"FOS","MMP2",1
"FOS","MMP9",1
"FST","INHBA",-1
"FST","INHBB",-1
"FST","INHBC",-1
"FST","INHBE",-1
"FZD1","DVL1",1
"FZD1","DVL2",1
"FZD1","DVL3",1
"FZD10","DVL1",1
"FZD10","DVL2",1
"FZD10","DVL3",1
"FZD2","DVL1",1
"FZD2","DVL2",1
"FZD2","DVL3",1
"FZD3","DVL1",1
"FZD3","DVL2",1
"FZD3","DVL3",1
"FZD4","DVL1",1
"FZD4","DVL2",1
"FZD4","DVL3",1
"FZD5","DVL1",1
"FZD5","DVL2",1
"FZD5","DVL3",1
"FZD6","DVL1",1
"FZD6","DVL2",1
"FZD6","DVL3",1
"FZD7","DVL1",1
"FZD7","DVL2",1
"FZD7","DVL3",1
"FZD8","DVL1",1
"FZD8","DVL2",1
"FZD8","DVL3",1
"FZD9","DVL1",1
"FZD9","DVL2",1
"FZD9","DVL3",1
"FZR1","CDK1",-1
"FZR1","CCNB3",-1
"FZR1","CCNB1",-1
"FZR1","CCNB2",-1
"GADD45A","MAP3K4",1
"GADD45A","CDK1",-1
"GADD45A","PCNA",1
"GADD45A","CCNB3",-1
"GADD45A","CCNB1",-1
"GADD45A","CCNB2",-1
"GADD45B","MAP3K4",1
"GADD45B","CDK1",-1
"GADD45B","PCNA",1
"GADD45B","CCNB3",-1
"GADD45B","CCNB1",-1
"GADD45B","CCNB2",-1
"GADD45G","MAP3K4",1
"GADD45G","CDK1",-1
"GADD45G","PCNA",1
"GADD45G","CCNB3",-1
"GADD45G","CCNB1",-1
"GADD45G","CCNB2",-1
"GDF5","AMHR2",1
"GDF5","BMPR2",1
"GDF6","AMHR2",1
"GDF6","BMPR2",1
"GDF7","AMHR2",1
"GDF7","BMPR2",1
"GLI1","BMP2",1
"GLI1","BMP4",1
"GLI1","WNT16",1
"GLI1","WNT4",1
"GLI1","WNT1",1
"GLI1","WNT2",1
"GLI1","WNT3",1
"GLI1","WNT5A",1
"GLI1","WNT6",1
"GLI1","WNT7A",1
"GLI1","WNT7B",1
"GLI1","WNT8A",1
"GLI1","WNT8B",1
"GLI1","WNT10B",1
"GLI1","WNT11",1
"GLI1","WNT2B",1
"GLI1","WNT9A",1
"GLI1","WNT9B",1
"GLI1","WNT10A",1
"GLI1","WNT5B",1
"GLI1","WNT3A",1
"GLI1","PTCH1",1
"GLI1","GLI1",1
"GLI1","HHIP",1
"GLI1","PTCH2",1
"GLI2","BMP2",1
"GLI2","BMP4",1
"GLI2","WNT16",1
"GLI2","WNT4",1
"GLI2","WNT1",1
"GLI2","WNT2",1
"GLI2","WNT3",1
"GLI2","WNT5A",1
"GLI2","WNT6",1
"GLI2","WNT7A",1
"GLI2","WNT7B",1
"GLI2","WNT8A",1
"GLI2","WNT8B",1
"GLI2","WNT10B",1
"GLI2","WNT11",1
"GLI2","WNT2B",1
"GLI2","WNT9A",1
"GLI2","WNT9B",1
"GLI2","WNT10A",1
"GLI2","WNT5B",1
"GLI2","WNT3A",1
"GLI2","PTCH1",1
"GLI2","GLI1",1
"GLI2","HHIP",1
"GLI2","PTCH2",1
"GLI3","BMP2",1
"GLI3","BMP4",1
"GLI3","WNT16",1
"GLI3","WNT4",1
"GLI3","WNT1",1
"GLI3","WNT2",1
"GLI3","WNT3",1
"GLI3","WNT5A",1
"GLI3","WNT6",1
"GLI3","WNT7A",1
"GLI3","WNT7B",1
"GLI3","WNT8A",1
"GLI3","WNT8B",1
"GLI3","WNT10B",1
"GLI3","WNT11",1
"GLI3","WNT2B",1
"GLI3","WNT9A",1
"GLI3","WNT9B",1
"GLI3","WNT10A",1
"GLI3","WNT5B",1
"GLI3","WNT3A",1
"GLI3","PTCH1",1
"GLI3","GLI1",1
"GLI3","HHIP",1
"GLI3","PTCH2",1
"GNA12","RASA2",1
"GNG12","RASA2",1
"GRB2","SOS1",1
"GRB2","SOS2",1
"GSK3B","CCND1",-1
"GSK3B","CCND2",-1
"GSK3B","CCND3",-1
"GZMB","CASP3",1
"GZMB","PARP1",-1
"GZMB","BID",1
"GZMB","CASP8",1
"GZMB","DFFA",-1
"GZMB","CASP7",1
"GZMB","LMNA",-1
"GZMB","LMNB1",-1
"GZMB","LMNB2",-1
"GZMB","PARP2",-1
"GZMB","PARP3",-1
"GZMB","PARP4",-1
"GZMB","TUBA1B",-1
"GZMB","TUBA3E",-1
"GZMB","TUBA3D",-1
"GZMB","TUBA8",-1
"GZMB","TUBA4A",-1
"GZMB","TUBA3C",-1
"GZMB","TUBA1A",-1
"GZMB","TUBAL3",-1
"GZMB","TUBA1C",-1
"GZMB","MCL1",-1
"HGF","MET",1
"HIF1A","PDGFB",1
"HIF1A","TGFB1",1
"HIF1A","TGFB2",1
"HIF1A","TGFB3",1
"HIF1A","TGFA",1
"HIF1A","FIGF",1
"HIF1A","PGF",1
"HIF1A","VEGFA",1
"HIF1A","VEGFB",1
"HIF1A","VEGFC",1
"HIF1A","SLC2A1",1
"HRAS","MOS",1
"HRAS","RAF1",1
"HRAS","BRAF",1
"HRAS","PIK3R5",1
"HRAS","PIK3CA",1
"HRAS","PIK3CB",1
"HRAS","PIK3CD",1
"HRAS","PIK3CG",1
"HRAS","PIK3R1",1
"HRAS","PIK3R2",1
"HRAS","PIK3R3",1
"HRAS","ARAF",1
"HRAS","RASSF1",1
"HRAS","RALGDS",1
"HSP90AA1","AR",1
"HSP90AB1","AR",1
"HSP90B1","AR",1
"HSPA1A","MAPK8",-1
"HSPA1A","MAPK9",-1
"HSPA1A","MAPK10",-1
"HSPA1B","MAPK8",-1
"HSPA1B","MAPK9",-1
"HSPA1B","MAPK10",-1
"HSPA1L","MAPK8",-1
"HSPA1L","MAPK9",-1
"HSPA1L","MAPK10",-1
"HSPA2","MAPK8",-1
"HSPA2","MAPK9",-1
"HSPA2","MAPK10",-1
"HSPA6","MAPK8",-1
"HSPA6","MAPK9",-1
"HSPA6","MAPK10",-1
"HSPA8","MAPK8",-1
"HSPA8","MAPK9",-1
"HSPA8","MAPK10",-1
"HTRA2","BIRC2",-1
"HTRA2","BIRC3",-1
"HTRA2","XIAP",-1
"HTRA2","BIRC5",-1
"IGF1","IGF1R",1
"IGF1R","GRB2",1
"IGF1R","PLCG1",1
"IGF1R","PLCG2",1
"IGF1R","PIK3R5",1
"IGF1R","PIK3CA",1
"IGF1R","PIK3CB",1
"IGF1R","PIK3CD",1
"IGF1R","PIK3CG",1
"IGF1R","PIK3R1",1
"IGF1R","PIK3R2",1
"IGF1R","PIK3R3",1
"IGFBP3","IGF1",-1
"IKBKB","NFKBIA",1
"IKBKG","NFKBIA",1
"IL1A","IL1R1",1
"IL1A","IL1R2",1
"IL1B","IL1R1",1
"IL1B","IL1R2",1
"IL1R1","CASP3",1
"IL1R1","IRAK1",1
"IL1R1","IRAK4",1
"IL1R1","MYD88",1
"IL1R2","CASP3",1
"IL3","CSF2RB",1
"IL3","IL3RA",1
"IL3RA","HRAS",1
"IL3RA","KRAS",1
"IL3RA","NRAS",1
"IL3RA","PIK3R5",1
"IL3RA","PIK3CA",1
"IL3RA","PIK3CB",1
"IL3RA","PIK3CD",1
"IL3RA","PIK3CG",1
"IL3RA","PIK3R1",1
"IL3RA","PIK3R2",1
"IL3RA","PIK3R3",1
"INHBA","TGFB1",-1
"INHBA","TGFB2",-1
"INHBA","TGFB3",-1
"INHBA","ACVR2A",1
"INHBA","ACVR2B",1
"INHBA","NODAL",-1
"INHBB","TGFB1",-1
"INHBB","TGFB2",-1
"INHBB","TGFB3",-1
"INHBB","ACVR2A",1
"INHBB","ACVR2B",1
"INHBB","NODAL",-1
"INHBC","TGFB1",-1
"INHBC","TGFB2",-1
"INHBC","TGFB3",-1
"INHBC","ACVR2A",1
"INHBC","ACVR2B",1
"INHBC","NODAL",-1
"INHBE","TGFB1",-1
"INHBE","TGFB2",-1
"INHBE","TGFB3",-1
"INHBE","ACVR2A",1
"INHBE","ACVR2B",1
"INHBE","NODAL",-1
"IRAK1","MAP3K7",1
"IRAK1","TAB2",1
"IRAK1","TAB1",1
"IRAK1","TAB3",1
"IRAK4","MAP3K7",1
"IRAK4","TAB2",1
"IRAK4","TAB1",1
"IRAK4","TAB3",1
"ITGA2","PTK2",1
"ITGA2B","PTK2",1
"ITGA3","PTK2",1
"ITGA6","PTK2",1
"ITGAV","PTK2",1
"ITGB1","PTK2",1
"JAK1","STAT3",1
"JAK1","STAT1",1
"JUN","FASLG",1
"JUN","TP53",1
"JUN","FAS",1
"JUN","CXCL8",1
"JUN","CDK4",1
"JUN","CCND1",1
"JUN","BCL2L11",1
"JUN","HRK",1
"JUN","FIGF",1
"JUN","PGF",1
"JUN","VEGFA",1
"JUN","VEGFB",1
"JUN","VEGFC",1
"JUN","MMP1",1
"JUN","MMP2",1
"JUN","MMP9",1
"JUP","MYC",1
"JUP","CCND1",1
"JUP","PPARD",1
"KIT","GRB2",1
"KIT","PIK3R5",1
"KIT","PIK3CA",1
"KIT","PIK3CB",1
"KIT","PIK3CD",1
"KIT","PIK3CG",1
"KIT","PIK3R1",1
"KIT","PIK3R2",1
"KIT","PIK3R3",1
"KITLG","KIT",1
"KRAS","MOS",1
"KRAS","RAF1",1
"KRAS","BRAF",1
"KRAS","PIK3R5",1
"KRAS","PIK3CA",1
"KRAS","PIK3CB",1
"KRAS","PIK3CD",1
"KRAS","PIK3CG",1
"KRAS","PIK3R1",1
"KRAS","PIK3R2",1
"KRAS","PIK3R3",1
"KRAS","ARAF",1
"KRAS","RASSF1",1
"KRAS","RALGDS",1
"LAMA1","ITGB1",1
"LAMA1","ITGA6",1
"LAMA1","ITGA2",1
"LAMA1","ITGA2B",1
"LAMA1","ITGA3",1
"LAMA1","ITGAV",1
"LAMA2","ITGB1",1
"LAMA2","ITGA6",1
"LAMA2","ITGA2",1
"LAMA2","ITGA2B",1
"LAMA2","ITGA3",1
"LAMA2","ITGAV",1
"LAMA3","ITGB1",1
"LAMA3","ITGA6",1
"LAMA3","ITGA2",1
"LAMA3","ITGA2B",1
"LAMA3","ITGA3",1
"LAMA3","ITGAV",1
"LAMA4","ITGB1",1
"LAMA4","ITGA6",1
"LAMA4","ITGA2",1
"LAMA4","ITGA2B",1
"LAMA4","ITGA3",1
"LAMA4","ITGAV",1
"LAMA5","ITGB1",1
"LAMA5","ITGA6",1
"LAMA5","ITGA2",1
"LAMA5","ITGA2B",1
"LAMA5","ITGA3",1
"LAMA5","ITGAV",1
"LAMB1","ITGB1",1
"LAMB1","ITGA6",1
"LAMB1","ITGA2",1
"LAMB1","ITGA2B",1
"LAMB1","ITGA3",1
"LAMB1","ITGAV",1
"LAMB2","ITGB1",1
"LAMB2","ITGA6",1
"LAMB2","ITGA2",1
"LAMB2","ITGA2B",1
"LAMB2","ITGA3",1
"LAMB2","ITGAV",1
"LAMB3","ITGB1",1
"LAMB3","ITGA6",1
"LAMB3","ITGA2",1
"LAMB3","ITGA2B",1
"LAMB3","ITGA3",1
"LAMB3","ITGAV",1
"LAMB4","ITGB1",1
"LAMB4","ITGA6",1
"LAMB4","ITGA2",1
"LAMB4","ITGA2B",1
"LAMB4","ITGA3",1
"LAMB4","ITGAV",1
"LAMC1","ITGB1",1
"LAMC1","ITGA6",1
"LAMC1","ITGA2",1
"LAMC1","ITGA2B",1
"LAMC1","ITGA3",1
"LAMC1","ITGAV",1
"LAMC2","ITGB1",1
"LAMC2","ITGA6",1
"LAMC2","ITGA2",1
"LAMC2","ITGA2B",1
"LAMC2","ITGA3",1
"LAMC2","ITGAV",1
"LAMC3","ITGB1",1
"LAMC3","ITGA6",1
"LAMC3","ITGA2",1
"LAMC3","ITGA2B",1
"LAMC3","ITGA3",1
"LAMC3","ITGAV",1
"LAT","PLCG1",1
"LEF1","MYC",1
"LEF1","CCND1",1
"LEF1","BIRC5",1
"LEFTY1","TGFB1",-1
"LEFTY1","TGFB2",-1
"LEFTY1","TGFB3",-1
"LEFTY1","NODAL",-1
"LEFTY2","TGFB1",-1
"LEFTY2","TGFB2",-1
"LEFTY2","TGFB3",-1
"LEFTY2","NODAL",-1
"LTA","LTBR",1
"LTB","LTBR",1
"LTBP1","TGFB1",-1
"LTBP1","TGFB2",-1
"LTBP1","TGFB3",-1
"MAD1L1","MAD2L2",1
"MAD1L1","MAD2L1",1
"MAD2L1","ANAPC10",-1
"MAD2L1","CDC26",-1
"MAD2L1","ANAPC13",-1
"MAD2L1","ANAPC2",-1
"MAD2L1","ANAPC4",-1
"MAD2L1","ANAPC5",-1
"MAD2L1","ANAPC7",-1
"MAD2L1","ANAPC11",-1
"MAD2L1","ANAPC1",-1
"MAD2L1","CDC23",-1
"MAD2L1","CDC16",-1
"MAD2L1","CDC27",-1
"MAD2L2","ANAPC10",-1
"MAD2L2","CDC26",-1
"MAD2L2","ANAPC13",-1
"MAD2L2","ANAPC2",-1
"MAD2L2","ANAPC4",-1
"MAD2L2","ANAPC5",-1
"MAD2L2","ANAPC7",-1
"MAD2L2","ANAPC11",-1
"MAD2L2","ANAPC1",-1
"MAD2L2","CDC23",-1
"MAD2L2","CDC16",-1
"MAD2L2","CDC27",-1
"MAP3K14","MAP3K7",1
"MAP3K14","TAB2",1
"MAP3K14","TAB1",1
"MAP3K14","TAB3",1
"MAP3K5","MAPK8",1
"MAP3K5","MAPK9",1
"MAP3K5","MAPK10",1
"MAPK1","JUN",1
"MAPK1","FOS",1
"MAPK1","BCL2",1
"MAPK1","ETS1",1
"MAPK10","NFATC3",-1
"MAPK10","NFATC1",-1
"MAPK10","FOS",1
"MAPK10","BCL2L1",-1
"MAPK10","BCL2",-1
"MAPK10","BID",1
"MAPK10","BAD",1
"MAPK3","JUN",1
"MAPK3","FOS",1
"MAPK3","BCL2",1
"MAPK3","ETS1",1
"MAPK8","NFATC3",-1
"MAPK8","NFATC1",-1
"MAPK8","FOS",1
"MAPK8","BCL2L1",-1
"MAPK8","BCL2",-1
"MAPK8","BID",1
"MAPK8","BAD",1
"MAPK9","NFATC3",-1
"MAPK9","NFATC1",-1
"MAPK9","FOS",1
"MAPK9","BCL2L1",-1
"MAPK9","BCL2",-1
"MAPK9","BID",1
"MAPK9","BAD",1
"MAX","PIAS2",-1
"MAX","CKS1B",1
"MAX","CKS2",1
"MCL1","BCL2L11",-1
"MDM2","TP53",-1
"MDM2","RB1",-1
"MDM4","TP53",-1
"MDM4","MDM2",1
"MECOM","MAPK8",-1
"MECOM","MAPK9",-1
"MECOM","MAPK10",-1
"MECOM","HDAC1",1
"MECOM","HDAC2",1
"MECOM","CTBP1",1
"MECOM","CTBP2",1
"MET","GRB2",1
"MRAS","MOS",1
"MRAS","RAF1",1
"MRAS","BRAF",1
"MYC","CXCL8",1
"MYC","CDKN2B",-1
"MYC","CDK4",1
"MYC","CCND1",1
"MYC","ZBTB17",-1
"MYC","PIAS2",-1
"MYC","CKS1B",1
"MYC","CKS2",1
"MYC","FIGF",1
"MYC","PGF",1
"MYC","VEGFA",1
"MYC","VEGFB",1
"MYC","VEGFC",1
"MYC","MMP1",1
"MYC","MMP2",1
"MYC","MMP9",1
"MYD88","MAP3K7",1
"MYD88","TAB2",1
"MYD88","TAB1",1
"MYD88","TRAF6",1
"MYD88","IRAK1",1
"MYD88","IRAK4",1
"MYD88","TAB3",1
"NF1","RRAS2",-1
"NF1","MRAS",-1
"NF1","HRAS",-1
"NF1","KRAS",-1
"NF1","NRAS",-1
"NF1","RRAS",-1
"NFKB1","NFKB2",1
"NFKB1","GADD45G",1
"NFKB1","GADD45A",1
"NFKB1","GADD45B",1
"NFKB1","TRAF6",1
"NFKB1","TRAF2",1
"NFKB1","IL1B",1
"NFKB1","TNF",1
"NFKB1","BCL2L1",1
"NFKB1","BCL2",1
"NFKB1","BIRC2",1
"NFKB1","BIRC3",1
"NFKB1","NFKBIA",1
"NFKB1","TRAF5",1
"NFKB1","TRAF3",1
"NFKB1","TNFAIP3",1
"NFKB1","TRAF1",1
"NFKB1","CXCL8",1
"NFKB1","PLAU",1
"NFKB1","BCL2A1",1
"NFKB1","CFLAR",1
"NFKB1","XIAP",1
"NFKB1","PTGS2",1
"NFKB1","CCL4L1",1
"NFKB1","CCL4",1
"NFKB1","CCL4L2",1
"NFKB1","VCAM1",1
"NFKB1","CXCL2",1
"NFKB1","CCND1",1
"NFKB1","BIRC5",1
"NFKB1","PTPN13",1
"NFKB1","NOS2",1
"NFKB1","BIRC8",1
"NFKB1","BIRC7",1
"NFKB1","TRAF4",1
"NFKB2","TRAF6",1
"NFKB2","TRAF2",1
"NFKB2","BCL2L1",1
"NFKB2","BCL2",1
"NFKB2","BIRC2",1
"NFKB2","BIRC3",1
"NFKB2","TRAF5",1
"NFKB2","TRAF3",1
"NFKB2","TNFSF13B",1
"NFKB2","TRAF1",1
"NFKB2","CCL13",1
"NFKB2","CXCL12",1
"NFKB2","XIAP",1
"NFKB2","PTGS2",1
"NFKB2","CCL21",1
"NFKB2","CCL19",1
"NFKB2","ICAM1",1
"NFKB2","CCND1",1
"NFKB2","NOS2",1
"NFKB2","BIRC8",1
"NFKB2","BIRC7",1
"NFKB2","TRAF4",1
"NGF","NTRK1",1
"NGF","NTRK2",1
"NODAL","ACVR2A",1
"NODAL","ACVR2B",1
"NOG","GDF7",-1
"NOG","AMH",-1
"NOG","BMP8A",-1
"NOG","GDF6",-1
"NOG","BMP2",-1
"NOG","BMP4",-1
"NOG","BMP5",-1
"NOG","BMP6",-1
"NOG","BMP7",-1
"NOG","BMP8B",-1
"NOG","GDF5",-1
"NRAS","MOS",1
"NRAS","RAF1",1
"NRAS","BRAF",1
"NRAS","PIK3R5",1
"NRAS","PIK3CA",1
"NRAS","PIK3CB",1
"NRAS","PIK3CD",1
"NRAS","PIK3CG",1
"NRAS","PIK3R1",1
"NRAS","PIK3R2",1
"NRAS","PIK3R3",1
"NRAS","ARAF",1
"NRAS","RASSF1",1
"NRAS","RALGDS",1
"NTF3","NTRK1",1
"NTF3","NTRK2",1
"NTF4","NTRK1",1
"NTF4","NTRK2",1
"NTRK1","HRAS",1
"NTRK1","KRAS",1
"NTRK1","NRAS",1
"NTRK1","PIK3R5",1
"NTRK1","PIK3CA",1
"NTRK1","PIK3CB",1
"NTRK1","PIK3CD",1
"NTRK1","PIK3CG",1
"NTRK1","PIK3R1",1
"NTRK1","PIK3R2",1
"NTRK1","PIK3R3",1
"PCNA","CDK4",-1
"PCNA","CDK6",-1
"PCNA","CCND1",-1
"PCNA","CCND2",-1
"PCNA","CCND3",-1
"PDGFA","PDGFRA",1
"PDGFA","PDGFRB",1
"PDGFB","PDGFRA",1
"PDGFB","PDGFRB",1
"PDGFRA","GRB2",1
"PDGFRA","PLCG1",1
"PDGFRA","PLCG2",1
"PDGFRA","PIK3R5",1
"PDGFRA","PIK3CA",1
"PDGFRA","PIK3CB",1
"PDGFRA","PIK3CD",1
"PDGFRA","PIK3CG",1
"PDGFRA","PIK3R1",1
"PDGFRA","PIK3R2",1
"PDGFRA","PIK3R3",1
"PDGFRB","GRB2",1
"PDGFRB","PLCG1",1
"PDGFRB","PLCG2",1
"PDGFRB","PIK3R5",1
"PDGFRB","PIK3CA",1
"PDGFRB","PIK3CB",1
"PDGFRB","PIK3CD",1
"PDGFRB","PIK3CG",1
"PDGFRB","PIK3R1",1
"PDGFRB","PIK3R2",1
"PDGFRB","PIK3R3",1
"PDPK1","AKT3",1
"PDPK1","AKT1",1
"PDPK1","AKT2",1
"PIAS2","CDKN2B",1
"PIDD1","BID",1
"PKMYT1","CDK1",-1
"PLK1","CDC25B",1
"PLK1","PKMYT1",-1
"PLK1","CDC25C",1
"PMAIP1","BCL2L1",-1
"PMAIP1","BCL2",-1
"PML","CCNA1",1
"PML","JUP",1
"PML","SPI1",-1
"PPM1A","MAP2K6",-1
"PPM1A","MAP2K3",-1
"PPM1A","MAP2K7",-1
"PPM1A","MAP2K4",-1
"PPM1B","MAP3K7",-1
"PPP5C","MAP3K5",-1
"PPP5D1","MAP3K5",-1
"PRKCA","BRAF",1
"PRKCA","ARAF",1
"PRKCB","BRAF",1
"PRKCB","CARD11",1
"PRKCB","ARAF",1
"PRKCG","BRAF",1
"PRKCG","ARAF",1
"PRKCQ","CARD11",1
"PRKDC","TP53",1
"PTCH1","SMO",-1
"PTK2","PIK3R5",1
"PTK2","PIK3CA",1
"PTK2","PIK3CB",1
"PTK2","PIK3CD",1
"PTK2","PIK3CG",1
"PTK2","PIK3R1",1
"PTK2","PIK3R2",1
"PTK2","PIK3R3",1
"PTPN5","MAPK1",-1
"PTPN5","MAPK3",-1
"PTPN5","MAPK14",-1
"PTPN5","MAPK11",-1
"PTPN5","MAPK13",-1
"PTPN5","MAPK12",-1
"PTPN5","MAPK8",-1
"PTPN5","MAPK9",-1
"PTPN5","MAPK10",-1
"PTPN7","MAPK1",-1
"PTPN7","MAPK3",-1
"PTPN7","MAPK14",-1
"PTPN7","MAPK11",-1
"PTPN7","MAPK13",-1
"PTPN7","MAPK12",-1
"PTPN7","MAPK8",-1
"PTPN7","MAPK9",-1
"PTPN7","MAPK10",-1
"PTPRR","MAPK1",-1
"PTPRR","MAPK3",-1
"PTPRR","MAPK14",-1
"PTPRR","MAPK11",-1
"PTPRR","MAPK13",-1
"PTPRR","MAPK12",-1
"PTPRR","MAPK8",-1
"PTPRR","MAPK9",-1
"PTPRR","MAPK10",-1
"PTTG1","ESPL1",-1
"PTTG2","ESPL1",-1
"RAC1","PAK1",1
"RAC1","PAK2",1
"RAC1","MAP3K1",1
"RAC2","PAK1",1
"RAC2","PAK2",1
"RAC2","MAP3K1",1
"RAC3","PAK1",1
"RAC3","PAK2",1
"RAC3","MAP3K1",1
"RALA","RALBP1",1
"RALA","PLD1",1
"RALB","RALBP1",1
"RALB","PLD1",1
"RALBP1","RAC1",-1
"RALBP1","RAC2",-1
"RALBP1","RAC3",-1
"RALBP1","CDC42",-1
"RALGDS","RAC1",1
"RALGDS","RAC2",1
"RALGDS","RAC3",1
"RALGDS","RHOA",1
"RALGDS","RALA",1
"RALGDS","RALB",1
"RAP1A","BRAF",1
"RAP1B","BRAF",1
"RAPGEF2","RRAS2",1
"RAPGEF2","MRAS",1
"RAPGEF2","HRAS",1
"RAPGEF2","KRAS",1
"RAPGEF2","NRAS",1
"RAPGEF2","RRAS",1
"RARA","CCNA1",1
"RARA","JUP",1
"RARA","SPI1",-1
"RASA1","RRAS2",-1
"RASA1","MRAS",-1
"RASA1","HRAS",-1
"RASA1","KRAS",-1
"RASA1","NRAS",-1
"RASA1","RRAS",-1
"RASA2","RRAS2",-1
"RASA2","MRAS",-1
"RASA2","HRAS",-1
"RASA2","KRAS",-1
"RASA2","NRAS",-1
"RASA2","RRAS",-1
"RASGRF1","RRAS2",1
"RASGRF1","MRAS",1
"RASGRF1","HRAS",1
"RASGRF1","KRAS",1
"RASGRF1","NRAS",1
"RASGRF1","RRAS",1
"RASGRF2","RRAS2",1
"RASGRF2","MRAS",1
"RASGRF2","HRAS",1
"RASGRF2","KRAS",1
"RASGRF2","NRAS",1
"RASGRF2","RRAS",1
"RASGRP1","RRAS2",1
"RASGRP1","MRAS",1
"RASGRP1","HRAS",1
"RASGRP1","KRAS",1
"RASGRP1","NRAS",1
"RASGRP1","RRAS",1
"RASGRP2","RRAS2",1
"RASGRP2","MRAS",1
"RASGRP2","HRAS",1
"RASGRP2","KRAS",1
"RASGRP2","NRAS",1
"RASGRP2","RRAS",1
"RASGRP3","RRAS2",1
"RASGRP3","MRAS",1
"RASGRP3","HRAS",1
"RASGRP3","KRAS",1
"RASGRP3","NRAS",1
"RASGRP3","RRAS",1
"RASGRP4","RRAS2",1
"RASGRP4","MRAS",1
"RASGRP4","HRAS",1
"RASGRP4","KRAS",1
"RASGRP4","NRAS",1
"RASGRP4","RRAS",1
"RBX1","CDKN1A",-1
"RBX1","CDKN1B",-1
"RBX1","CDKN1C",-1
"RBX1","SMAD2",-1
"RBX1","SMAD3",-1
"RBX1","CDK2",-1
"RBX1","CCNE1",-1
"RBX1","CCNE2",-1
"RELA","NFKB2",1
"RELA","GADD45G",1
"RELA","GADD45A",1
"RELA","GADD45B",1
"RELA","TRAF6",1
"RELA","TRAF2",1
"RELA","IL1B",1
"RELA","TNF",1
"RELA","BCL2L1",1
"RELA","BCL2",1
"RELA","BIRC2",1
"RELA","BIRC3",1
"RELA","NFKBIA",1
"RELA","TRAF5",1
"RELA","TRAF3",1
"RELA","TNFAIP3",1
"RELA","TRAF1",1
"RELA","CXCL8",1
"RELA","PLAU",1
"RELA","BCL2A1",1
"RELA","CFLAR",1
"RELA","XIAP",1
"RELA","PTGS2",1
"RELA","CCL4L1",1
"RELA","CCL4",1
"RELA","CCL4L2",1
"RELA","VCAM1",1
"RELA","CXCL2",1
"RELA","CCND1",1
"RELA","BIRC5",1
"RELA","PTPN13",1
"RELA","NOS2",1
"RELA","BIRC8",1
"RELA","BIRC7",1
"RELA","TRAF4",1
"RELB","TNFSF13B",1
"RELB","CCL13",1
"RELB","CXCL12",1
"RELB","CCL21",1
"RELB","CCL19",1
"RELB","ICAM1",1
"RHOA","ROCK1",1
"RIPK1","MAP3K7",1
"RIPK1","TAB2",1
"RIPK1","TAB1",1
"RIPK1","TAB3",1
"RRAS","MOS",1
"RRAS","RAF1",1
"RRAS","BRAF",1
"RRAS2","MOS",1
"RRAS2","RAF1",1
"RRAS2","BRAF",1
"RUNX1","HDAC1",1
"RUNX1","HDAC2",1
"RUNX1","CTBP1",1
"RUNX1","CTBP2",1
"RUNX1","JUP",1
"RUNX1","SPI1",-1
"RUNX1","CEBPA",-1
"RUNX1T1","JUP",1
"RUNX1T1","SPI1",-1
"RUNX1T1","CEBPA",-1
"SEPT4","BIRC2",-1
"SEPT4","BIRC3",-1
"SEPT4","XIAP",-1
"SEPT4","BIRC5",-1
"SFN","CDK1",-1
"SFN","CCNB3",-1
"SFN","CCNB1",-1
"SFN","CCNB2",-1
"SHH","PTCH1",-1
"SKP1","CDKN1A",-1
"SKP1","CDKN1B",-1
"SKP1","CDKN1C",-1
"SKP1","SMAD2",-1
"SKP1","SMAD3",-1
"SKP1","CDK2",-1
"SKP1","CCNE1",-1
"SKP1","CCNE2",-1
"SKP2","CDKN1A",-1
"SKP2","CDKN1B",-1
"SKP2","CDKN1C",-1
"SKP2","CDK2",-1
"SKP2","CCNE1",-1
"SKP2","CCNE2",-1
"SMAD1","SMAD4",1
"SMAD2","CDKN1A",1
"SMAD2","CDKN2B",1
"SMAD2","SMAD4",1
"SMAD3","CDKN1A",1
"SMAD3","CDKN2B",1
"SMAD3","SMAD4",1
"SMAD4","CDKN1A",1
"SMAD4","CDKN2B",1
"SMAD5","SMAD4",1
"SMAD6","SMAD2",-1
"SMAD6","SMAD3",-1
"SMAD6","SMAD1",-1
"SMAD6","SMAD5",-1
"SMAD6","SMAD9",-1
"SMAD7","SMAD2",-1
"SMAD7","SMAD3",-1
"SMAD7","SMAD1",-1
"SMAD7","SMAD5",-1
"SMAD7","SMAD9",-1
"SMAD9","SMAD4",1
"SMO","STK36",1
"SMO","SUFU",1
"SMURF1","TGFBR1",-1
"SMURF1","TGFBR2",-1
"SMURF2","TGFBR1",-1
"SMURF2","TGFBR2",-1
"SOS1","RRAS2",1
"SOS1","MRAS",1
"SOS1","HRAS",1
"SOS1","KRAS",1
"SOS1","NRAS",1
"SOS1","RRAS",1
"SOS2","RRAS2",1
"SOS2","MRAS",1
"SOS2","HRAS",1
"SOS2","KRAS",1
"SOS2","NRAS",1
"SOS2","RRAS",1
"SP1","CDKN2B",1
"SRF","FOS",1
"STAT1","FIGF",1
"STAT1","PGF",1
"STAT1","VEGFA",1
"STAT1","VEGFB",1
"STAT1","VEGFC",1
"STAT3","FIGF",1
"STAT3","PGF",1
"STAT3","VEGFA",1
"STAT3","VEGFB",1
"STAT3","VEGFC",1
"STAT5A","BCL2L1",1
"STAT5B","BCL2L1",1
"SYK","BTK",1
"TAB1","MAP3K7",1
"TAB2","MAP3K7",1
"TCF7","MYC",1
"TCF7","CCND1",1
"TCF7","BIRC5",1
"TCF7L1","MYC",1
"TCF7L1","CCND1",1
"TCF7L1","BIRC5",1
"TCF7L2","MYC",1
"TCF7L2","CCND1",1
"TCF7L2","BIRC5",1
"TFDP1","CCNE1",1
"TFDP1","CCNE2",1
"TFDP2","CCNE1",1
"TFDP2","CCNE2",1
"TGFA","EGFR",1
"TGFB1","TGFBR1",1
"TGFB1","TGFBR2",1
"TGFB1","SMAD2",1
"TGFB1","SMAD3",1
"TGFB2","TGFBR1",1
"TGFB2","TGFBR2",1
"TGFB2","SMAD2",1
"TGFB2","SMAD3",1
"TGFB3","TGFBR1",1
"TGFB3","TGFBR2",1
"TGFB3","SMAD2",1
"TGFB3","SMAD3",1
"TGFBR1","DAXX",1
"TGFBR2","DAXX",1
"TGFBR2","PPP2CA",1
"TGFBR2","PPP2CB",1
"TGFBR2","PPP2R1A",1
"TGFBR2","PPP2R1B",1
"TGFBR2","RHOA",1
"THBS1","LTBP1",-1
"TICAM1","TRAF6",1
"TICAM1","RIPK1",1
"TICAM2","TRAF6",1
"TICAM2","RIPK1",1
"TIRAP","TRAF6",1
"TIRAP","IRAK1",1
"TIRAP","IRAK4",1
"TLR4","MYD88",1
"TLR4","TIRAP",1
"TLR4","TICAM2",1
"TLR4","TICAM1",1
"TNF","TNFRSF1A",1
"TNFRSF10A","FADD",1
"TNFRSF10B","FADD",1
"TNFRSF10C","FADD",1
"TNFRSF10D","FADD",1
"TNFRSF1A","TRAF2",1
"TNFRSF1A","CASP3",1
"TNFRSF1A","TRAF5",1
"TNFRSF1A","RIPK1",1
"TNFRSF1A","TRADD",1
"TNFRSF1A","FADD",1
"TNFSF10","TNFRSF10B",1
"TNFSF10","TNFRSF10D",1
"TNFSF10","TNFRSF10C",1
"TNFSF10","TNFRSF10A",1
"TNFSF11","TNFRSF11A",1
"TNFSF13B","TNFRSF13C",1
"TNFSF14","LTBR",1
"TP53","GADD45G",1
"TP53","GADD45A",1
"TP53","GADD45B",1
"TP53","FAS",1
"TP53","PIDD1",1
"TP53","SFN",1
"TP53","CDKN1A",1
"TP53","MDM2",1
"TP53","SIAH1",1
"TP53","IGFBP3",1
"TP53","RPRM",1
"TP53","TSC2",1
"TP53","PPM1D",1
"TP53","TP73",1
"TP53","CCNG1",1
"TP53","CCNG2",1
"TP53","RFWD2",1
"TP53","RRM2B",1
"TP53","RRM2",1
"TP53","DDB2",1
"TP53","STEAP3",1
"TP53","PTEN",1
"TP53","SERPINB5",1
"TP53","CD82",1
"TP53","THBS1",1
"TP53","SERPINE1",1
"TP53","ADGRB1",1
"TP53","ZMAT3",1
"TP53","BID",1
"TP53","EI24",1
"TP53","TP53I3",1
"TP53","GTSE1",1
"TP53","BAX",1
"TP53","TNFRSF10B",1
"TP53","APAF1",1
"TP53","RCHY1",1
"TP53","PERP",1
"TP53","SHISA5",1
"TP53","SESN3",1
"TP53","SESN1",1
"TP53","SESN2",1
"TP53","TP53AIP1",1
"TP53","BBC3",1
"TP53","PMAIP1",1
"TP53","TNFRSF10D",1
"TP53","TNFRSF10C",1
"TP53","TNFRSF10A",1
"TP53","BAK1",1
"TRADD","MAP3K7",1
"TRADD","TAB2",1
"TRADD","TAB1",1
"TRADD","TAB3",1
"TRADD","CASP8",1
"TRADD","CASP10",1
"TRAF2","MAP3K14",1
"TRAF2","MAP3K7",1
"TRAF2","MAP3K5",1
"TRAF2","MAP4K2",1
"TRAF2","TAB2",1
"TRAF2","TAB1",1
"TRAF2","MAP3K1",1
"TRAF2","TAB3",1
"TRAF2","BTK",1
"TRAF2","DAB2IP",1
"TRAF3","MAP3K14",1
"TRAF3","BTK",1
"TRAF5","MAP3K14",1
"TRAF5","MAP3K7",1
"TRAF5","TAB2",1
"TRAF5","TAB1",1
"TRAF5","TAB3",1
"TRAF6","MAP3K14",1
"TRAF6","MAP3K7",1
"TRAF6","TAB2",1
"TRAF6","TAB1",1
"TRAF6","TAB3",1
"TTK","MAD1L1",1
"WEE1","CDK1",-1
"WEE2","CDK1",-1
"WNT1","FZD10",1
"WNT1","FZD2",1
"WNT1","FZD5",1
"WNT1","FZD3",1
"WNT1","FZD1",1
"WNT1","FZD4",1
"WNT1","FZD6",1
"WNT1","FZD7",1
"WNT1","FZD8",1
"WNT1","FZD9",1
"WNT10A","FZD10",1
"WNT10A","FZD2",1
"WNT10A","FZD5",1
"WNT10A","FZD3",1
"WNT10A","FZD1",1
"WNT10A","FZD4",1
"WNT10A","FZD6",1
"WNT10A","FZD7",1
"WNT10A","FZD8",1
"WNT10A","FZD9",1
"WNT10B","FZD10",1
"WNT10B","FZD2",1
"WNT10B","FZD5",1
"WNT10B","FZD3",1
"WNT10B","FZD1",1
"WNT10B","FZD4",1
"WNT10B","FZD6",1
"WNT10B","FZD7",1
"WNT10B","FZD8",1
"WNT10B","FZD9",1
"WNT11","FZD10",1
"WNT11","FZD2",1
"WNT11","FZD5",1
"WNT11","FZD3",1
"WNT11","FZD1",1
"WNT11","FZD4",1
"WNT11","FZD6",1
"WNT11","FZD7",1
"WNT11","FZD8",1
"WNT11","FZD9",1
"WNT16","FZD10",1
"WNT16","FZD2",1
"WNT16","FZD5",1
"WNT16","FZD3",1
"WNT16","FZD1",1
"WNT16","FZD4",1
"WNT16","FZD6",1
"WNT16","FZD7",1
"WNT16","FZD8",1
"WNT16","FZD9",1
"WNT2","FZD10",1
"WNT2","FZD2",1
"WNT2","FZD5",1
"WNT2","FZD3",1
"WNT2","FZD1",1
"WNT2","FZD4",1
"WNT2","FZD6",1
"WNT2","FZD7",1
"WNT2","FZD8",1
"WNT2","FZD9",1
"WNT2B","FZD10",1
"WNT2B","FZD2",1
"WNT2B","FZD5",1
"WNT2B","FZD3",1
"WNT2B","FZD1",1
"WNT2B","FZD4",1
"WNT2B","FZD6",1
"WNT2B","FZD7",1
"WNT2B","FZD8",1
"WNT2B","FZD9",1
"WNT3","FZD10",1
"WNT3","FZD2",1
"WNT3","FZD5",1
"WNT3","FZD3",1
"WNT3","FZD1",1
"WNT3","FZD4",1
"WNT3","FZD6",1
"WNT3","FZD7",1
"WNT3","FZD8",1
"WNT3","FZD9",1
"WNT3A","FZD10",1
"WNT3A","FZD2",1
"WNT3A","FZD5",1
"WNT3A","FZD3",1
"WNT3A","FZD1",1
"WNT3A","FZD4",1
"WNT3A","FZD6",1
"WNT3A","FZD7",1
"WNT3A","FZD8",1
"WNT3A","FZD9",1
"WNT4","FZD10",1
"WNT4","FZD2",1
"WNT4","FZD5",1
"WNT4","FZD3",1
"WNT4","FZD1",1
"WNT4","FZD4",1
"WNT4","FZD6",1
"WNT4","FZD7",1
"WNT4","FZD8",1
"WNT4","FZD9",1
"WNT5A","FZD10",1
"WNT5A","FZD2",1
"WNT5A","FZD5",1
"WNT5A","FZD3",1
"WNT5A","FZD1",1
"WNT5A","FZD4",1
"WNT5A","FZD6",1
"WNT5A","FZD7",1
"WNT5A","FZD8",1
"WNT5A","FZD9",1
"WNT5B","FZD10",1
"WNT5B","FZD2",1
"WNT5B","FZD5",1
"WNT5B","FZD3",1
"WNT5B","FZD1",1
"WNT5B","FZD4",1
"WNT5B","FZD6",1
"WNT5B","FZD7",1
"WNT5B","FZD8",1
"WNT5B","FZD9",1
"WNT6","FZD10",1
"WNT6","FZD2",1
"WNT6","FZD5",1
"WNT6","FZD3",1
"WNT6","FZD1",1
"WNT6","FZD4",1
"WNT6","FZD6",1
"WNT6","FZD7",1
"WNT6","FZD8",1
"WNT6","FZD9",1
"WNT7A","FZD10",1
"WNT7A","FZD2",1
"WNT7A","FZD5",1
"WNT7A","FZD3",1
"WNT7A","FZD1",1
"WNT7A","FZD4",1
"WNT7A","FZD6",1
"WNT7A","FZD7",1
"WNT7A","FZD8",1
"WNT7A","FZD9",1
"WNT7B","FZD10",1
"WNT7B","FZD2",1
"WNT7B","FZD5",1
"WNT7B","FZD3",1
"WNT7B","FZD1",1
"WNT7B","FZD4",1
"WNT7B","FZD6",1
"WNT7B","FZD7",1
"WNT7B","FZD8",1
"WNT7B","FZD9",1
"WNT8A","FZD10",1
"WNT8A","FZD2",1
"WNT8A","FZD5",1
"WNT8A","FZD3",1
"WNT8A","FZD1",1
"WNT8A","FZD4",1
"WNT8A","FZD6",1
"WNT8A","FZD7",1
"WNT8A","FZD8",1
"WNT8A","FZD9",1
"WNT8B","FZD10",1
"WNT8B","FZD2",1
"WNT8B","FZD5",1
"WNT8B","FZD3",1
"WNT8B","FZD1",1
"WNT8B","FZD4",1
"WNT8B","FZD6",1
"WNT8B","FZD7",1
"WNT8B","FZD8",1
"WNT8B","FZD9",1
"WNT9A","FZD10",1
"WNT9A","FZD2",1
"WNT9A","FZD5",1
"WNT9A","FZD3",1
"WNT9A","FZD1",1
"WNT9A","FZD4",1
"WNT9A","FZD6",1
"WNT9A","FZD7",1
"WNT9A","FZD8",1
"WNT9A","FZD9",1
"WNT9B","FZD10",1
"WNT9B","FZD2",1
"WNT9B","FZD5",1
"WNT9B","FZD3",1
"WNT9B","FZD1",1
"WNT9B","FZD4",1
"WNT9B","FZD6",1
"WNT9B","FZD7",1
"WNT9B","FZD8",1
"WNT9B","FZD9",1
"XIAP","CASP3",-1
"XIAP","CASP9",-1
"XIAP","CASP7",-1
"ZAP70","LAT",1
"ZBTB16","CCNA1",1
"ZBTB16","JUP",1
"ZBTB17","CDKN2B",1
